IE4UFYCM,Male,Paid,22,false,Denmark,DM1
MP5QRWI7,Male,Paid,21,false,United Kingdom,UK1
AIGTN3OB,Female,Paid,16,false,Belgium,BL1
SRDIHA27,Female,Casual,5,false,United Kingdom,UK2
4AYFDUGE,Male,Paid,21,false,United Kingdom,UK3
LIDJ1099,Male,Paid,21,false,Italy,IT2
SCXGRIPK,Female,Paid,15,false,India,IN1
37J04OPR,Female,Paid,22,false,United Kingdom,UK3
UGEAPVNM,Male,Paid,20,false,United Kingdom,UK1
RWA12XDB,Female,Casual,5,false,Italy,IT2
CCYW0YDR,Male,Casual,12,false,United States,US4
27CUPIDJ,Male,Paid,11,false,India,IN4
5ZLKIV7S,Male,Paid,10,false,United States,US4
H5UKAE5Z,Male,Paid,19,false,Indonesia,IA2
9CVK89E6,Male,Casual,5,false,Indonesia,IA1
50GQ6TP3,Female,Paid,17,false,Indonesia,IA1
AXHXM5SB,Male,Paid,16,false,India,IN4
09JWKR51,Male,Paid,11,false,Denmark,DM1
5OMX3GAX,Male,Paid,19,false,Italy,IT3
GAUBV9U2,Male,Paid,11,false,Netherlands,NL3
G6XYXGG8,Male,Paid,13,false,Belgium,BL2
90OYK5HC,Male,Paid,14,false,United States,US1
FKY1LOPG,Male,Casual,6,false,United Kingdom,UK5
F2A4JIT5,Male,Paid,18,false,Denmark,DM1
TD41SUPK,Male,Paid,21,false,Italy,IT1
SI0XJFJ1,Male,Casual,11,false,Italy,IT3
48UC2XHV,Male,Casual,7,false,Italy,IT2
CD713GJ4,Male,Paternity,14,false,Indonesia,IA3
78OH8FDH,Female,Paid,14,false,China,CN1
UFARX4VG,Male,Casual,7,false,Italy,IT2
FMKG91Q2,Female,Paid,18,false,India,IN2
8XWV0GTE,Male,Paid,11,false,Netherlands,NL2
4OW65DDF,Male,Casual,10,false,Denmark,DM1
IQN8072D,Female,Casual,10,false,United Kingdom,UK3
9S8909WR,Female,Paid,14,false,India,IN3
GJ3J6LL5,Female,Paid,21,false,United Kingdom,UK1
KEW0CVPH,Male,Casual,11,false,Italy,IT2
C965P7WA,Female,Injury,10,false,Italy,IT2
32J74GI1,Male,Paid,12,false,Denmark,DM1
4IF2HHV4,Male,Paid,14,false,India,IN2
7SAM2CD0,Female,Paid,19,false,Italy,IT2
5G8ZXG08,Female,Paid,10,false,India,IN3
TPHK1MCJ,Male,Paid,12,false,China,CN1
PQRVF7DO,Female,Paid,17,false,China,CN1
C4WP2OWI,Female,Paid,22,false,United States,US5
3M86DQZE,Female,Paid,13,false,India,IN2
KYBC932F,Female,Casual,7,false,Indonesia,IA1
H5IV3WH7,Female,Casual,11,false,Denmark,DM3
RT3PBXBW,Female,Maternity,144,false,United Kingdom,UK2
UCAECT4A,Male,Casual,6,false,Denmark,DM3
BSZUNXPW,Female,Paid,19,false,Belgium,BL3
0JW3HAPW,Male,Injury,19,false,China,CN1
2GVL494E,Female,Paid,18,false,India,IN3
VWF3C9ST,Male,Paid,21,false,Indonesia,IA1
C3JAVAL4,Male,Casual,12,false,Italy,IT3
6NF9TEUM,Female,Paid,12,false,Denmark,DM2
IPHTBHV3,Male,Paid,10,false,United Kingdom,UK5
9WX7ZBDX,Male,Paid,16,false,China,CN1
GHSE10ZP,Female,Sick,2,false,Indonesia,IA1
ETU4N6L9,Female,Casual,12,false,China,CN5
MGPTYDP7,Female,Sick,2,false,Netherlands,NL1
U8NOO0HY,Male,Paid,21,false,Belgium,BL1
XGGN4C1L,Female,Casual,11,false,India,IN4
5JMGKQJP,Female,Casual,10,false,Indonesia,IA2
0Q88B509,Male,Paid,21,false,Italy,IT1
NZ9ILL4D,Female,Sick,4,false,Italy,IT2
HHWKBDTZ,Male,Casual,12,false,Italy,IT3
DVZ2LIP8,Female,Sick,5,false,India,IN3
TW2DN00W,Female,Paid,19,false,United Kingdom,UK3
GB36KN1C,Female,Paid,12,false,India,IN3
6F5MWEOG,Male,Paid,17,false,Denmark,DM1
BV2E2HI0,Male,Casual,12,false,Italy,IT1
7EA3KOHH,Male,Casual,7,false,United States,US2
6NRCMVHK,Female,Paid,16,false,China,CN4
QRBEP8N7,Female,Casual,6,false,United States,US3
9U9ZRCRC,Male,Casual,6,false,Italy,IT3
1HJGGWYP,Male,Paid,19,false,China,CN2
E55625NC,Male,Paid,16,false,United Kingdom,UK2
3XKMNWXL,Female,Paid,14,false,Netherlands,NL1
I2F4WY3B,Female,Paid,12,false,Indonesia,IA2
K4GM1383,Female,Paid,12,false,United Kingdom,UK1
FIRFVRTZ,Male,Paid,12,false,China,CN5
8H2CE6HJ,Female,Paid,16,false,Belgium,BL2
80ZARVIW,Male,Casual,12,false,India,IN3
5L8MNGBT,Female,Paid,11,false,Denmark,DM2
LLA277WJ,Female,Casual,6,false,United Kingdom,UK3
TCXDCMVS,Male,Paid,19,false,India,IN1
MDAB8YPH,Male,Paid,19,false,United States,US2
YV77CZMP,Male,Paid,14,false,Indonesia,IA2
IPNLJAT1,Female,Paid,20,false,India,IN4
0IC988Z0,Male,Paid,14,false,China,CN6
5U1HQFWB,Female,Paid,13,false,United Kingdom,UK5
JDVQEWFS,Male,Paid,16,false,United Kingdom,UK3
EFJKBWJJ,Male,Paid,20,false,Belgium,BL1
GYFNMACJ,Female,Paid,10,false,United States,US1
H42QX1AY,Female,Casual,11,false,Belgium,BL3
470FHE9R,Female,Casual,7,false,Denmark,DM1
VIIGB45S,Female,Paid,11,false,United States,US6
E5ZMUJ1V,Male,Casual,9,false,United Kingdom,UK4
R46RRDKU,Male,Casual,6,false,United States,US5
6MYRZJK1,Male,Casual,12,false,Denmark,DM2
D1I3OTGC,Male,Paid,18,false,India,IN2
O2DBEKWR,Female,Paid,13,false,Netherlands,NL3
MPJHJKPE,Female,Paid,21,false,United States,US1
EEACIZ5V,Male,Paid,19,false,Netherlands,NL1
32G59G01,Male,Casual,11,false,Italy,IT3
A4WIIOPQ,Female,Paid,15,false,United States,US1
0VC8BACU,Female,Casual,10,false,India,IN4
DQZU2BX9,Female,Casual,11,false,Netherlands,NL4
EL539BPR,Female,Paid,15,false,Belgium,BL1
OG4LRQYH,Female,Casual,12,false,Netherlands,NL2
GYZSPTUS,Male,Casual,7,false,Belgium,BL1
QVXJIL31,Female,Casual,12,false,Netherlands,NL1
028KB4PG,Male,Paid,16,false,Indonesia,IA2
ZUFFB46L,Female,Paid,17,false,United States,US4
LJMSCERI,Female,Paid,16,false,Netherlands,NL3
L3EKJRWD,Male,Injury,10,false,Denmark,DM2
7K2ZJLV4,Female,Paid,16,false,Netherlands,NL3
0668D4NM,Male,Casual,5,false,Indonesia,IA3
MVB88KLU,Female,Paid,16,false,India,IN1
BXAXNWRL,Male,Sick,3,false,Belgium,BL2
ME7DCJHQ,Male,Paid,11,false,Italy,IT1
I3KMUG07,Female,Paid,13,false,Belgium,BL2
B4M12VV6,Male,Paid,22,false,Belgium,BL2
I5HC59OC,Female,Paid,21,false,China,CN6
FX6AK2FS,Female,Paid,18,false,United States,US6
B4YYV5CV,Male,Paid,15,false,Denmark,DM3
NKPJDUEE,Female,Casual,9,false,Italy,IT1
1JQ4BQ50,Male,Paid,12,false,United Kingdom,UK3
9K741WOX,Male,Paid,15,false,China,CN4
4SYZC784,Female,Paid,18,false,Italy,IT1
QJACBT8R,Male,Paid,14,false,United States,US1
L5KW84V5,Female,Paid,10,false,China,CN3
YQ2NPAKX,Female,Casual,6,false,Italy,IT1
HLYBHLZD,Female,Paid,21,false,China,CN4
13U8AX7C,Female,Paid,21,false,Netherlands,NL4
BMJT7W29,Male,Injury,14,false,Belgium,BL1
WXQUPA1C,Female,Paid,10,false,United Kingdom,UK4
F117XIB3,Male,Paid,13,false,Netherlands,NL2
FHGQ62O0,Female,Casual,5,false,Indonesia,IA3
GEC1FHAX,Male,Casual,12,false,United Kingdom,UK1
SN37B8NX,Female,Casual,6,false,Netherlands,NL4
8KIR2W4L,Female,Casual,5,false,Italy,IT2
OHLIF7P1,Female,Sick,1,false,Netherlands,NL2
8HTQLVTA,Female,Paid,20,false,United Kingdom,UK2
U9RVEM7F,Male,Sick,4,false,United Kingdom,UK2
I324IM9R,Female,Paid,20,false,India,IN3
WGBGOAU2,Female,Casual,12,false,Denmark,DM2
HZO9C7Y3,Male,Casual,6,false,United Kingdom,UK3
BQMD1X9D,Third gender,Paid,13,false,Netherlands,NL3
RU1N5IR4,Male,Paid,15,false,Netherlands,NL1
OAYW85BO,Female,Paid,21,false,India,IN2
8R785EQJ,Male,Paid,12,false,Italy,IT2
EDQLS2OT,Female,Casual,10,false,China,CN2
BKMJNF6I,Male,Paid,20,false,United Kingdom,UK1
L2PM3SJH,Male,Paid,10,false,United Kingdom,UK3
XRE4UQG5,Female,Paid,21,false,Belgium,BL3
B9AGBCG0,Female,Casual,8,false,Netherlands,NL1
QT3SD7FY,Male,Paid,16,false,Indonesia,IA1
5PR0FEGA,Female,Paid,16,false,Belgium,BL1
512M7BD5,Male,Casual,6,false,Netherlands,NL3
IO5G8F6U,Female,Paid,21,false,Indonesia,IA2
G1Y8V04N,Male,Paid,20,false,United States,US2
5F9826LP,Female,Paid,13,false,China,CN3
EEZO94ZC,Male,Paid,13,false,China,CN2
3W03DVZF,Male,Casual,10,false,Italy,IT1
7RMGFL3Q,Male,Casual,8,false,United States,US5
ILKJ5ZFR,Female,Paid,13,false,China,CN4
CMO5ZPDM,Male,Paid,20,false,China,CN4
UBJCUVSU,Male,Casual,9,false,Denmark,DM1
FFM76UNU,Female,Paid,21,false,Indonesia,IA1
ETP3ABY3,Female,Paid,19,false,United States,US5
3K7X0385,Female,Paid,15,false,Belgium,BL1
CUR2G0AJ,Third gender,Paid,12,false,Netherlands,NL1
L5DCRAMY,Male,Paid,20,false,Denmark,DM1
ODDT72YE,Male,Paid,13,false,China,CN2
94VKLRUW,Female,Paid,20,false,United States,US4
VXHSBUTO,Female,Paid,10,false,Indonesia,IA2
SDX23INL,Female,Paid,18,false,Belgium,BL2
3Q9IZBG9,Male,Paid,13,false,China,CN4
93HNWFIB,Male,Paid,12,false,Denmark,DM2
O7W17NY5,Female,Paid,11,false,Indonesia,IA1
M2365KXN,Female,Casual,5,false,India,IN3
G84TF22E,Female,Paid,11,false,Belgium,BL1
05VN32VF,Male,Casual,8,false,Denmark,DM3
YED7PBSP,Male,Paid,22,false,United Kingdom,UK1
S1KT94CL,Male,Casual,12,false,Denmark,DM1
WA7ECNUL,Female,Paid,21,false,China,CN4
RT11D7Y3,Female,Casual,5,false,Italy,IT2
HLMFXACM,Female,Paid,16,false,Italy,IT3
GVJIBVSO,Female,Paid,18,false,United States,US5
PVH0LC8O,Female,Casual,6,false,Belgium,BL1
TWJMNOE3,Female,Sick,2,false,Belgium,BL3
5ALTM9OM,Female,Paid,13,false,Belgium,BL1
2S0A4RSB,Male,Paid,22,false,Belgium,BL1
CZTS2092,Female,Casual,8,false,Indonesia,IA3
COEQ2W60,Female,Casual,10,false,China,CN4
4ACCNZJU,Male,Paid,11,false,Belgium,BL3
HF307FAT,Female,Casual,11,false,India,IN2
C5PKWHW5,Female,Casual,12,false,China,CN3
7HJB33GM,Male,Paid,10,false,Netherlands,NL1
F47E98AR,Male,Injury,18,false,China,CN5
XQAL6JQS,Female,Paid,19,false,China,CN6
TRO6HDJW,Male,Paid,13,false,Denmark,DM2
FDF3MQHM,Male,Paid,10,false,Denmark,DM3
79L5U0KA,Male,Paid,20,false,Denmark,DM2
AY5B0CKA,Female,Paid,18,false,China,CN2
4X07VZL9,Female,Paid,17,false,Denmark,DM3
G9MA39VZ,Female,Paid,11,false,India,IN2
ZM0ER7GO,Female,Casual,10,false,United Kingdom,UK4
G688F7SG,Male,Casual,10,false,United Kingdom,UK4
UL5209KZ,Female,Paid,19,false,United States,US2
BJI3C9K6,Male,Paid,18,false,Italy,IT3
QGKY1XYO,Female,Paid,19,false,Belgium,BL2
YVJO6WRL,Female,Casual,8,false,China,CN4
2FEFDCKM,Male,Sick,4,false,Netherlands,NL1
891LS8AN,Male,Paid,17,false,Belgium,BL3
N3C1SUHK,Male,Paid,13,false,Denmark,DM2
ULX7Q4P2,Female,Paid,17,false,Denmark,DM2
2XK5DB1C,Male,Casual,11,false,Italy,IT1
4NEKY58C,Female,Paid,10,false,Belgium,BL3
4ZFG4XWR,Female,Paid,14,false,Belgium,BL2
BSZD74U2,Female,Paid,13,false,Italy,IT1
VI686WGN,Male,Casual,12,false,China,CN1
9ZB0JB56,Male,Paid,13,false,Indonesia,IA3
IEG2FFNG,Male,Paid,13,false,United Kingdom,UK3
14PVDOH7,Male,Paid,11,false,United States,US1
RE3FDA9E,Male,Casual,11,false,India,IN3
GNOARTNO,Female,Paid,14,false,Belgium,BL2
H05CRJ3B,Male,Paid,20,false,Indonesia,IA1
WXRYKMMM,Male,Paid,17,false,China,CN2
Q0VK81WG,Male,Paid,11,false,Netherlands,NL3
EFCINIOR,Male,Casual,12,false,United States,US2
ZCV8T9QS,Male,Paid,14,false,United States,US2
TWFLD7NJ,Male,Paid,14,false,Netherlands,NL2
V6I2GWPG,Female,Paid,10,false,United States,US6
6HWZLJW9,Male,Paid,20,false,Italy,IT3
EWFFYHU0,Female,Paid,10,false,China,CN6
RX5LRX93,Female,Paid,17,false,China,CN6
TWIE0LFH,Female,Paid,10,false,Indonesia,IA3
GJB9OK78,Female,Paid,11,false,United Kingdom,UK1
3MYPR1FS,Female,Sick,1,false,India,IN2
FHEZM3KE,Male,Paid,17,false,Indonesia,IA2
XWCFNCKH,Male,Casual,6,false,Indonesia,IA2
N2QW5CKN,Male,Paid,14,false,Denmark,DM3
NHB6K69B,Female,Paid,14,false,Italy,IT2
AMO85X1D,Male,Paid,22,false,Netherlands,NL1
PJ7AZB4O,Male,Casual,8,false,Italy,IT2
I7JEPEEK,Male,Paid,20,false,Netherlands,NL4
RQ4AB3SD,Male,Paid,19,false,Belgium,BL1
89YMAA02,Male,Casual,12,false,Belgium,BL3
EJ8Y9PUC,Male,Casual,7,false,India,IN3
WXGXIOLA,Male,Paid,21,false,Indonesia,IA2
GGG08IMG,Female,Paid,17,false,Netherlands,NL3
NE60X063,Male,Paid,12,false,Denmark,DM2
X3DLYQNI,Male,Paid,11,false,Netherlands,NL3
69GTWY2Q,Male,Paid,15,false,United Kingdom,UK2
LW2YMO5F,Female,Casual,9,false,United Kingdom,UK4
YQ6PGO4Y,Female,Paid,20,false,Denmark,DM1
7PUR0IBI,Female,Paid,17,false,United Kingdom,UK2
DMQ7C7MG,Male,Casual,9,false,China,CN5
LQ880ZCI,Male,Casual,8,false,China,CN1
CUEL0UST,Male,Casual,10,false,Denmark,DM1
MLQMAIFU,Female,Casual,9,false,Denmark,DM3
K9IWBJ7K,Male,Paid,11,false,United Kingdom,UK5
84DIIL1B,Female,Paid,18,false,United Kingdom,UK5
S8UHGV46,Male,Paid,16,false,Italy,IT2
AZ9660QV,Male,Paid,12,false,India,IN2
9YO1QQ1B,Male,Paid,15,false,China,CN3
4ZVOA6O2,Male,Paid,18,false,United Kingdom,UK4
2DKRN5LU,Male,Paid,11,false,Belgium,BL1
9D9HEPZU,Male,Injury,14,false,India,IN1
5EFIV742,Male,Paid,10,false,United Kingdom,UK3
6J8URAEY,Male,Sick,5,false,Denmark,DM1
6GTA6EIF,Male,Casual,12,false,India,IN4
0F9783L0,Third gender,Injury,12,false,Indonesia,IA3
PWH1JYFU,Male,Paid,21,false,Belgium,BL3
XTOOPXCS,Male,Paid,14,false,Belgium,BL1
26V6P9M4,Female,Paid,15,false,Belgium,BL2
1VK3ZFR5,Female,Sick,2,false,Netherlands,NL2
42ZV5YKG,Male,Paid,16,false,United States,US2
M8JPVPE8,Male,Paid,20,false,China,CN5
46U3HP9E,Male,Paid,13,false,Italy,IT3
PEULC7O9,Male,Casual,5,false,United States,US2
Z3ANP3IQ,Female,Paid,22,false,Italy,IT3
7WVD5QY3,Male,Paid,13,false,Belgium,BL2
WB1GPRPV,Male,Paid,10,false,Italy,IT1
LMGAOJQT,Male,Casual,12,false,Netherlands,NL2
GUMR16BJ,Male,Paid,15,false,Belgium,BL3
R9Q1DP0S,Female,Casual,12,false,China,CN4
5OLAOPBJ,Male,Paid,12,false,Italy,IT2
JLLDZ5HE,Female,Paid,18,false,India,IN1
OPUHGXH5,Female,Sick,1,false,Netherlands,NL1
4787KFSX,Female,Sick,4,false,Belgium,BL3
SR8HXCI0,Third gender,Casual,10,false,Belgium,BL2
25C6YWCQ,Female,Casual,5,false,Indonesia,IA3
Q2ROGZU8,Female,Casual,6,false,Netherlands,NL4
NZ40CHXN,Male,Paid,10,false,India,IN4
SNZ5EP6T,Female,Casual,12,false,Belgium,BL2
E42497V1,Female,Paid,18,false,Italy,IT3
ZUMY7T4A,Male,Paid,16,false,United Kingdom,UK1
7SCHF6YW,Male,Paid,15,false,Netherlands,NL3
BY4RE1DQ,Male,Casual,5,false,United States,US3
QUX8EESD,Male,Paid,12,false,United Kingdom,UK3
WGEV7SGP,Female,Casual,7,false,United States,US5
97S66F5S,Male,Paid,11,false,United States,US2
AJ2EHKDM,Female,Paid,22,false,China,CN6
AE9BRLL0,Male,Paid,11,false,India,IN2
I1WH57EI,Female,Casual,7,false,India,IN3
IE8M9K9H,Male,Paid,17,false,Italy,IT1
9HLNEOEL,Male,Sick,3,false,Italy,IT2
LJNRG3VN,Female,Casual,7,false,Belgium,BL1
BYZKH2B7,Male,Paternity,11,true,United States,US2
ZAR5OGE5,Female,Casual,8,false,India,IN2
I6JNMZ9E,Male,Paid,18,false,Netherlands,NL4
JTLUHWNQ,Female,Paid,20,false,United States,US6
NLZ3MYA2,Male,Paid,18,false,United Kingdom,UK5
CKLDJ6BL,Male,Casual,9,false,India,IN2
LVIX33KP,Female,Paid,14,false,China,CN3
QVR0MTBS,Male,Paid,13,false,Belgium,BL1
VHDZC01X,Male,Paid,22,false,India,IN2
ZWHZQURM,Female,Paid,15,false,United States,US4
OK1KEMLU,Male,Casual,6,false,Denmark,DM2
6DPHA9PK,Female,Paid,19,false,Indonesia,IA3
GMAP10H1,Male,Paid,18,false,India,IN1
6R4598W5,Male,Casual,11,false,Netherlands,NL4
9E7YWCNV,Male,Casual,6,false,Indonesia,IA2
FPS7TV3A,Male,Paid,18,false,Indonesia,IA1
GCE6P6XB,Male,Paid,22,false,United States,US5
OEN9FXQF,Female,Paid,22,false,United Kingdom,UK4
R99NSATC,Male,Casual,5,false,Italy,IT1
7SBOUY9R,Female,Paid,20,false,Italy,IT1
KR6QETP3,Male,Paid,22,false,Indonesia,IA2
U7CXRK4X,Male,Injury,16,false,Netherlands,NL1
HZONR1UC,Male,Paid,17,false,China,CN6
7KNY17OA,Female,Sick,4,false,United States,US6
Z6PVOXXG,Female,Casual,8,false,United Kingdom,UK2
QY65MOEN,Female,Sick,3,false,Denmark,DM3
AFBTM0QH,Female,Casual,9,false,China,CN6
SFE8OVUW,Female,Paid,14,false,Italy,IT1
53IA8TTB,Female,Paid,15,false,United States,US6
I5KJOCUR,Male,Paid,16,false,United Kingdom,UK5
7Z26W7AA,Male,Paid,15,false,India,IN2
FTWC1VMZ,Male,Paid,16,false,Netherlands,NL3
ALJPNEOK,Female,Paid,19,false,China,CN4
L2FBIXP4,Male,Casual,7,false,Italy,IT3
EBHLNXLX,Male,Paid,15,false,Netherlands,NL3
ATBLYGNS,Male,Paid,13,false,China,CN2
V3PHUJV9,Male,Paid,14,false,Indonesia,IA3
6AJMHBAU,Female,Casual,11,false,India,IN2
YGXBXCDF,Male,Injury,20,false,United States,US6
GOUL7YAP,Male,Paid,13,false,United States,US3
XIN12S4T,Female,Injury,12,false,Belgium,BL2
G2ITG8WF,Male,Casual,11,false,Netherlands,NL4
B7EZEHDN,Male,Paternity,14,false,China,CN1
QOKOLCN8,Male,Casual,6,false,India,IN1
Z0REI6CN,Female,Casual,6,false,Netherlands,NL2
CEGHGLPK,Male,Paid,15,false,China,CN3
BQGJK160,Male,Casual,9,false,Denmark,DM1
YFNGDIFJ,Female,Paid,14,false,Belgium,BL1
EKLAGR9W,Male,Paid,16,false,China,CN3
CVX3G4FH,Female,Paid,13,false,United States,US1
K7C8KWTI,Male,Casual,5,false,United Kingdom,UK2
AE0KDCOM,Female,Paid,17,false,China,CN5
66DNWCEA,Female,Casual,11,false,Netherlands,NL3
JXAQCYBW,Female,Injury,19,false,Indonesia,IA2
CA9CMVMV,Male,Injury,20,false,China,CN1
V45IFYZ2,Male,Casual,7,false,United States,US3
GY12055R,Male,Paid,19,false,United Kingdom,UK5
ZTR7VOJY,Female,Sick,5,false,Indonesia,IA2
MSO2KID3,Male,Casual,12,false,United States,US3
VAYKJB5M,Male,Paid,13,false,Denmark,DM3
T09CVGEY,Male,Paid,18,false,India,IN2
NRHIVTM8,Female,Casual,7,false,United Kingdom,UK4
NCC61K9E,Male,Paid,13,false,United States,US4
DR3QS884,Female,Casual,5,false,Denmark,DM3
M528BIM8,Male,Paid,20,false,Indonesia,IA1
NPYEZ9HU,Female,Injury,11,false,China,CN3
Z2Q4M0Y6,Male,Casual,8,false,United Kingdom,UK4
CQL4TPDN,Female,Casual,8,false,United States,US3
XC2J4XHB,Female,Paid,22,false,Denmark,DM1
GXQC20AR,Male,Injury,11,false,Netherlands,NL1
7QQQTKT4,Male,Sick,5,false,Indonesia,IA2
WYS08TIV,Male,Paid,21,false,United States,US5
OEU0183C,Male,Injury,20,false,Belgium,BL2
5MU3X5LW,Male,Casual,8,false,China,CN6
W1NMJ41O,Male,Casual,10,false,Italy,IT1
4WJV58IZ,Female,Casual,6,false,Belgium,BL2
2520LX1H,Male,Paid,14,false,India,IN3
N2DDCVN8,Male,Paid,14,false,China,CN5
0U3NPNGH,Male,Casual,6,false,Netherlands,NL4
3O39WSS4,Male,Casual,11,false,Italy,IT1
6YXIHM0C,Female,Paid,12,false,United Kingdom,UK4
OGEX6J2D,Female,Paid,13,false,India,IN4
ISP9LREN,Female,Paid,21,false,India,IN2
MLBR5NIS,Male,Casual,9,false,Belgium,BL1
TK9IY1OL,Male,Casual,11,false,United Kingdom,UK2
EES9RM2N,Male,Paid,21,false,Italy,IT2
BGE9MN1D,Female,Paid,16,false,Belgium,BL2
SDHQL81J,Male,Casual,8,false,Indonesia,IA3
CVQSF04P,Female,Paid,21,false,United Kingdom,UK4
I0PIYKVD,Male,Paid,19,false,United Kingdom,UK4
EKM6MQU5,Female,Casual,8,false,Belgium,BL1
7071872R,Female,Casual,9,false,China,CN1
HJXB2CR5,Female,Paid,11,false,United Kingdom,UK5
CRSKG9XU,Female,Paid,16,false,China,CN1
4TSL3320,Male,Paid,10,false,Italy,IT1
BSK4Z5O5,Female,Casual,11,false,United Kingdom,UK3
37KRAD97,Male,Casual,7,false,China,CN2
TM406F32,Male,Paid,13,false,India,IN3
RY7A3RE0,Male,Paid,15,false,Netherlands,NL2
OG0OTV70,Female,Casual,8,false,India,IN1
YVJCAHNK,Female,Casual,5,false,Italy,IT3
SWMKMB5G,Male,Casual,8,false,United Kingdom,UK4
DMTSMLMD,Female,Paid,15,false,Italy,IT2
JT9LWSVJ,Male,Paid,15,false,Italy,IT2
NES8KTPM,Female,Sick,3,false,Italy,IT3
IOXOX9IE,Female,Casual,5,false,India,IN3
BMPMNK15,Male,Casual,12,false,Italy,IT3
IYL6NLPJ,Female,Paid,11,false,Belgium,BL3
X64DX5P0,Female,Paid,17,false,Belgium,BL1
VJLMQUUV,Male,Paid,11,false,Italy,IT3
1I7MA0WA,Male,Paid,20,false,United States,US2
OI02VYNI,Male,Paid,12,false,United States,US3
R3NROEMG,Female,Paid,19,false,Italy,IT2
42XL4SN1,Female,Casual,6,false,Italy,IT2
SVW3EP3C,Third gender,Sick,3,false,Italy,IT1
MIMBYPTH,Third gender,Paid,18,false,United States,US6
9BN7GWGB,Male,Paid,14,false,United Kingdom,UK3
6SDSXPMV,Female,Paid,16,false,Indonesia,IA3
WMJQ2TAX,Female,Paid,13,false,Netherlands,NL1
AZRLSQEQ,Female,Casual,10,false,Indonesia,IA1
KB4FIBHR,Female,Paid,21,false,Denmark,DM3
ERSKZ512,Male,Casual,12,false,United Kingdom,UK1
0KHQCHWL,Male,Paid,20,false,China,CN3
4R82YHWV,Male,Paid,17,false,Indonesia,IA3
BV2YRPKL,Female,Paid,20,false,United States,US5
P9SU7X2O,Female,Paid,19,false,China,CN4
ARJ7AMP7,Male,Casual,11,false,Belgium,BL3
Z20WT0E3,Female,Paid,10,false,United Kingdom,UK5
MO0TSUXJ,Female,Paid,19,false,Denmark,DM2
JZ3IU4XW,Female,Paid,21,false,Denmark,DM3
62KRBSA5,Male,Paid,13,false,Belgium,BL2
93QM9PAW,Female,Paid,18,false,United States,US4
MOZKQIA3,Male,Casual,8,false,Indonesia,IA2
TKY86SL5,Male,Injury,16,false,India,IN4
JFIK5US1,Male,Paid,21,false,Denmark,DM1
6Q0884IS,Male,Sick,3,false,United States,US4
EE5ZO40U,Male,Paid,15,false,Denmark,DM1
64CTIYL4,Male,Paid,17,false,India,IN3
U0A6D408,Male,Paid,18,false,Belgium,BL1
IQGS0K4B,Female,Paid,19,false,Belgium,BL1
7D1PUUC9,Female,Casual,6,false,United States,US3
EUR85ULO,Female,Casual,7,false,Denmark,DM3
I2DQK37H,Female,Paid,11,false,China,CN3
D5GRR4B4,Female,Casual,8,false,China,CN6
QBEMUIZE,Male,Paid,18,false,United Kingdom,UK5
78B489C9,Female,Paid,19,false,Belgium,BL2
LBL8Y4JH,Female,Casual,6,false,China,CN2
6OIUGG2P,Male,Paid,17,false,Netherlands,NL4
OBH7HC8I,Female,Casual,7,false,United Kingdom,UK4
1JGC6GRO,Male,Paid,14,false,Netherlands,NL1
JRXC987E,Male,Sick,3,false,China,CN1
K4HAY6B3,Male,Paid,13,false,United Kingdom,UK1
WZQ1MTNE,Female,Paid,20,false,United States,US1
U3N7PK7H,Male,Paid,21,false,United States,US5
0KWJRVHQ,Female,Casual,6,false,United Kingdom,UK3
XLQ5WFQ1,Male,Casual,12,false,Denmark,DM1
FVVH0707,Female,Paid,15,false,China,CN4
RC7XD5RF,Female,Paid,20,false,Denmark,DM1
TYU6CIQF,Female,Casual,11,false,Netherlands,NL1
2CH2KZJ8,Male,Paid,21,false,China,CN5
PX85WK3S,Female,Paid,16,false,China,CN5
ZRT7QST9,Male,Paid,16,false,India,IN4
I5DF0F19,Female,Paid,14,false,Netherlands,NL4
2VTG8T0F,Male,Paid,22,false,Denmark,DM2
XSIXF1TF,Female,Casual,11,false,Indonesia,IA1
BNK9QX7W,Male,Casual,5,false,Belgium,BL1
D0SOAGN8,Female,Paid,11,false,United Kingdom,UK4
95W8C9P8,Male,Paid,12,false,Netherlands,NL4
KDIS1NNG,Female,Paid,11,false,United Kingdom,UK1
LRSI1XVB,Male,Paid,13,false,Belgium,BL3
WX9XR8FO,Male,Casual,10,false,Italy,IT1
AX79IW59,Female,Paid,18,false,United States,US6
E9I4K6TR,Male,Paid,14,false,Netherlands,NL3
V8Q2UMF2,Female,Paid,11,false,Belgium,BL2
WFCHQ18Z,Female,Casual,12,false,Denmark,DM2
ZFNYUETU,Male,Casual,10,false,Belgium,BL1
X6DMODD1,Male,Paid,13,false,Netherlands,NL4
MN9G2D0Y,Male,Paid,18,false,India,IN4
VWEG3ZR0,Male,Paid,20,false,India,IN4
GL4IBL8D,Male,Paid,11,false,Belgium,BL3
4OZAY9K1,Female,Paid,17,false,India,IN3
K4TLJBEJ,Male,Casual,9,false,Italy,IT3
JCZ2WCWQ,Female,Paid,12,false,Belgium,BL3
RU3GDRP7,Female,Paid,20,false,Belgium,BL3
UA9T3ZA6,Male,Paid,15,false,China,CN3
MMH4XZ77,Male,Paid,20,false,Denmark,DM1
WZXKDZ4J,Female,Casual,11,false,Italy,IT3
L5DMY1PZ,Male,Paid,19,false,India,IN2
R8UB7EAC,Male,Paid,10,false,United Kingdom,UK4
TR9HSW9M,Female,Casual,10,false,United Kingdom,UK5
0QI9WG0H,Male,Paid,16,false,India,IN4
PCXM68HG,Male,Casual,7,false,Denmark,DM3
SVCK213W,Male,Casual,11,false,United States,US3
HXNF2DPY,Male,Paternity,19,false,Indonesia,IA2
03950OGG,Female,Paid,17,false,Denmark,DM2
7OMDBEDA,Female,Paid,20,false,Denmark,DM3
174ZC4QZ,Male,Sick,1,false,Indonesia,IA3
IH51VOLV,Female,Paid,10,false,United States,US4
7659BVSP,Female,Paid,15,false,Indonesia,IA2
W8RUZOAJ,Male,Casual,10,false,Belgium,BL3
G5D7L4OR,Female,Casual,8,false,India,IN1
620YC0OY,Female,Casual,11,false,United Kingdom,UK1
ZN0E6R9B,Female,Paid,21,false,India,IN2
14KBDAE9,Male,Paid,18,false,Indonesia,IA1
BMYD4ICD,Male,Paid,22,false,Belgium,BL3
BL84ZABQ,Male,Sick,2,false,United Kingdom,UK5
2ZSNWDGD,Male,Paid,11,false,United States,US1
GXIMCVQC,Male,Casual,9,false,Italy,IT2
M18P3G5K,Male,Casual,9,false,Belgium,BL1
7PG46V2A,Female,Paid,10,false,United States,US5
RVY2Y0SR,Female,Casual,7,false,India,IN4
ICYA42XU,Female,Paid,17,false,Belgium,BL2
C9CFDGHF,Male,Sick,1,false,United States,US4
8T6CBXZ3,Female,Casual,7,false,Denmark,DM2
I8PEXHZF,Male,Paid,19,false,India,IN4
8PA3JZVC,Male,Casual,6,false,Denmark,DM1
ZLEWCECI,Male,Paid,19,false,United States,US2
PPK5AVDZ,Male,Paid,10,false,Denmark,DM2
DT18P12J,Female,Paid,15,false,Belgium,BL2
KN9M5AB8,Male,Paid,19,false,Belgium,BL3
OIT8JY5P,Female,Casual,8,false,Denmark,DM1
8ABY9F7R,Female,Paid,12,false,Italy,IT2
G7GDYYXR,Male,Casual,5,false,United Kingdom,UK3
BKCKAJGB,Male,Paid,12,false,India,IN1
SBAL2WCV,Male,Paid,11,false,India,IN2
DF6FP0UY,Male,Casual,6,false,Denmark,DM3
1LPMC1NL,Female,Paid,16,false,Indonesia,IA2
ZV52UYSU,Male,Casual,6,false,India,IN1
X0TSYVYQ,Male,Sick,3,false,Netherlands,NL1
N00GJBL4,Female,Paid,18,false,United States,US6
1KVUYJIR,Female,Casual,10,false,Indonesia,IA3
ZDEKNSUR,Female,Paid,19,false,United States,US2
KRK25I50,Male,Paid,22,false,Belgium,BL3
ES5J582L,Female,Casual,6,false,United States,US4
IGGN8WKB,Female,Paid,22,false,Indonesia,IA3
JHIHS6UZ,Male,Paid,13,false,Indonesia,IA3
46TJFPYR,Male,Casual,11,false,Belgium,BL3
45FXUU66,Female,Casual,7,false,Indonesia,IA2
PM00YJWH,Male,Casual,9,false,Belgium,BL2
HIN4AO48,Male,Paid,10,false,China,CN6
800OZ92K,Female,Paid,13,false,Netherlands,NL2
DWC2I6R0,Female,Paid,10,false,Indonesia,IA2
TN3K0SC3,Female,Paid,13,false,China,CN5
BMFFUA19,Female,Paid,14,false,Denmark,DM1
N1AM66L3,Male,Casual,11,false,Italy,IT2
R9OZ6J37,Male,Paid,13,false,Italy,IT1
2NLU8SYL,Female,Paid,17,false,Netherlands,NL3
UZW1224M,Female,Injury,18,false,Denmark,DM2
0QYHAMVO,Female,Casual,8,false,Denmark,DM2
KGRNAYSY,Male,Paid,14,false,Italy,IT3
7QNUH5TD,Female,Casual,5,false,United States,US6
QMP6JUPO,Male,Paid,18,false,Italy,IT1
TDKXA67O,Female,Sick,3,false,Italy,IT3
00ABXEDZ,Male,Casual,11,false,Indonesia,IA1
QG2RXOHF,Female,Paid,13,false,Denmark,DM2
TL4BHYOZ,Female,Paid,12,false,Italy,IT2
8TOZCF8L,Female,Paid,16,false,Denmark,DM3
2Y3T4RKG,Female,Paid,17,false,Netherlands,NL3
XZVXIHDH,Female,Paid,20,false,United Kingdom,UK2
9XOBU5CW,Male,Paid,10,false,India,IN3
YL5H7WA4,Male,Paid,16,false,China,CN5
Q8MC439I,Female,Casual,6,false,Denmark,DM2
0EPVURY3,Female,Paid,13,false,United Kingdom,UK1
0TRYYC3S,Male,Paid,20,false,United Kingdom,UK2
95FL5QSD,Male,Paid,14,false,United States,US4
IDN9AYET,Female,Paid,15,false,Italy,IT2
0FWK9Y5V,Male,Paid,12,false,Denmark,DM3
XCL5REU1,Female,Casual,8,false,Italy,IT1
JYY90MQU,Male,Paid,12,false,Indonesia,IA3
Z2CSK9JO,Male,Casual,8,false,China,CN4
9GY97KG1,Female,Paid,20,false,Belgium,BL2
8LO4GRLZ,Male,Injury,16,false,India,IN1
G71ZM2I2,Female,Paid,11,false,United Kingdom,UK1
XUCILB6C,Male,Paid,21,false,China,CN5
NE43P2QN,Male,Paid,15,false,China,CN6
8PXM8C25,Female,Paid,13,false,China,CN3
C7FYG2AG,Female,Sick,5,false,Belgium,BL2
VXMWO6P7,Male,Paid,18,false,Denmark,DM1
O3LHZT63,Male,Paid,18,false,India,IN1
YJKU5DRV,Male,Casual,6,false,Netherlands,NL2
O5MYBSJ1,Female,Casual,12,false,Netherlands,NL3
FD31AF3D,Male,Paid,12,false,United Kingdom,UK1
PD7X70ZN,Male,Paid,10,false,Belgium,BL2
TMO2PU3T,Female,Casual,9,false,India,IN1
XV5M39XC,Female,Paid,12,false,China,CN5
1VDPS7XN,Male,Paid,20,false,Indonesia,IA3
XJTMR80X,Female,Injury,19,false,United Kingdom,UK2
QB1C3JBV,Male,Paid,20,false,Netherlands,NL1
Y1R2KSQY,Male,Paid,18,false,Denmark,DM2
IMKC74J9,Female,Casual,8,false,Indonesia,IA1
IGXEL1O8,Female,Paid,21,false,India,IN1
GGDSPWF6,Male,Paid,19,false,Belgium,BL2
5WL38SHH,Female,Paid,17,false,Netherlands,NL3
H5U3SRYF,Male,Paid,22,false,China,CN2
QT1JKQP4,Female,Paid,18,false,United Kingdom,UK5
4BZEVDFT,Female,Paid,22,false,United Kingdom,UK3
1VU5B0H8,Male,Paid,17,false,India,IN2
C6MYZ0AE,Female,Injury,11,false,United States,US1
S3YL1XZT,Female,Casual,10,false,Belgium,BL2
NOFXU89X,Male,Casual,12,false,Italy,IT3
C7WJVHTD,Male,Paid,14,false,United States,US2
TC8XNKE7,Female,Paid,10,false,Italy,IT2
GQG4U5X5,Male,Paid,19,false,Belgium,BL1
18SCLLJC,Female,Paid,20,false,India,IN1
Q75SAE0N,Male,Paid,20,false,United Kingdom,UK5
9B55O0YP,Male,Paid,18,false,United Kingdom,UK3
EB1RAEDH,Male,Sick,3,false,Denmark,DM2
PO66BXEZ,Male,Paid,18,false,China,CN3
Z1Q45FYS,Female,Casual,10,false,India,IN1
0QTIUL4S,Female,Casual,11,false,Netherlands,NL2
ZRFY4LLN,Male,Paid,21,false,India,IN3
7H1WNPLY,Male,Paid,14,false,Denmark,DM1
9D5AG84P,Female,Casual,10,false,United States,US2
TAPOJGB3,Female,Casual,8,false,Indonesia,IA3
6X1636UJ,Male,Paid,11,false,Belgium,BL1
TPARL581,Female,Casual,10,false,China,CN3
VOI0DBME,Female,Paid,12,false,India,IN1
NU0UUJAB,Male,Paid,11,false,China,CN3
3S66BYXK,Male,Paid,16,false,United States,US5
1BQOT428,Male,Paid,21,false,Indonesia,IA3
VNK53O9P,Male,Casual,6,false,United States,US5
6VF80O2F,Female,Paid,12,false,Belgium,BL2
QMM351FD,Male,Injury,10,false,Indonesia,IA1
H3X39MSZ,Female,Sick,2,false,United Kingdom,UK1
ICQ9XWZF,Male,Casual,5,false,United States,US4
3CCFTBHD,Male,Paid,14,false,China,CN5
4HC4TTSM,Male,Paid,12,false,China,CN4
0EZDRDYL,Male,Casual,9,false,China,CN3
80B8NRKR,Female,Sick,1,false,United States,US6
5POQ0OIN,Female,Casual,11,false,Netherlands,NL1
8K1ZLXJ4,Female,Casual,10,false,United Kingdom,UK1
F32IA9ZH,Female,Paid,11,false,Denmark,DM3
PQYUQCMR,Female,Paid,22,false,Belgium,BL3
MY9IYNPW,Female,Paid,16,false,Indonesia,IA1
N3UMF6IK,Male,Casual,9,false,Netherlands,NL3
VGODERUH,Male,Casual,8,false,Netherlands,NL3
MZ07CNDS,Female,Casual,7,false,Belgium,BL3
AU7L2V2G,Female,Paid,11,false,United Kingdom,UK3
903U001Z,Female,Paid,12,false,Indonesia,IA3
LJX21VYD,Male,Casual,11,false,Italy,IT1
Z68MXOFE,Male,Paid,18,false,United Kingdom,UK3
5BWDGB8R,Female,Casual,8,false,Belgium,BL1
KIHVQS7S,Male,Paid,22,false,Indonesia,IA3
BCLV3C9T,Male,Paid,18,false,United States,US6
J0Z937M4,Female,Paid,21,false,United Kingdom,UK4
DEIHCEDP,Female,Paid,10,false,Indonesia,IA1
TY3KWS6M,Male,Paid,15,false,Indonesia,IA3
GG4Y8HK1,Male,Paid,19,false,United States,US2
MXG3WYW1,Male,Paid,22,false,Belgium,BL1
TID8Y7JP,Female,Paid,21,false,Belgium,BL1
4HYQPTY4,Male,Casual,7,false,United States,US3
26SFO1O7,Female,Paid,18,false,Belgium,BL1
PWXQ899S,Male,Paid,17,false,United Kingdom,UK2
MF2JH3ZM,Male,Casual,9,false,Indonesia,IA1
75K3E2PP,Male,Paid,20,false,Italy,IT1
Y62BWJMV,Female,Paid,21,false,Belgium,BL3
59TBZ0S0,Male,Paid,11,false,China,CN2
C1YLQDNI,Female,Paid,11,false,Indonesia,IA2
X6KM4XJE,Female,Paid,20,false,Netherlands,NL3
MR0DDQ8M,Female,Paid,18,false,Denmark,DM2
1LTRJC9A,Female,Paid,18,false,China,CN6
I7HUB123,Female,Paid,12,false,United Kingdom,UK3
8KOK7YIK,Male,Casual,7,false,Belgium,BL3
31C2AN9V,Female,Casual,8,false,Indonesia,IA3
XZ725B1T,Male,Paid,11,false,China,CN4
1A62YZKQ,Female,Paid,19,false,United Kingdom,UK3
3UO8DYAZ,Male,Casual,5,false,India,IN1
7DHQ18S6,Female,Paid,12,false,United States,US4
AZE8VQYG,Female,Paid,10,false,China,CN6
3TT0WMJA,Female,Paid,10,false,Italy,IT1
UR34YH8C,Male,Casual,11,false,Denmark,DM2
3FB8RFPX,Female,Casual,6,false,Denmark,DM2
I7KSD7TC,Male,Paid,18,false,India,IN1
739SYKE0,Female,Casual,6,false,India,IN4
T56B7O54,Male,Casual,5,false,India,IN4
D86V3IP2,Male,Paid,10,false,Belgium,BL2
BDI31S3V,Male,Paid,12,false,Netherlands,NL4
KXH68QZ0,Male,Casual,5,false,United Kingdom,UK4
LYE9XYZB,Female,Injury,11,false,Italy,IT2
7JHZV07P,Male,Paid,19,false,Denmark,DM1
9OU0RLWE,Female,Sick,2,false,United Kingdom,UK1
IEXJHI65,Male,Paid,19,false,Belgium,BL3
KK1JVMFX,Male,Sick,4,false,Indonesia,IA2
K10DPNTF,Female,Paid,19,false,Belgium,BL1
SQL4VNKV,Female,Paid,20,false,Indonesia,IA2
7KJ23637,Female,Paid,10,false,United Kingdom,UK2
OXHNCK9Y,Female,Paid,10,false,Netherlands,NL3
LFSSJW2V,Male,Paid,14,false,United States,US5
0GORDYVZ,Male,Paid,11,false,Italy,IT3
IUSJMX3Y,Female,Paid,16,false,China,CN2
F5B557FD,Male,Paid,12,false,China,CN1
R9VMIJ43,Male,Paid,20,false,Netherlands,NL1
MWL3G25Q,Male,Sick,2,false,Netherlands,NL3
M3R98BFG,Male,Paid,21,false,Netherlands,NL4
HIZWOW7W,Female,Paid,22,false,China,CN4
X1WI52KR,Female,Paid,21,false,Indonesia,IA2
IMPEH00T,Female,Casual,11,false,Italy,IT2
RE0YBJWG,Male,Paid,13,false,United States,US2
SUBH85SU,Male,Casual,8,false,Denmark,DM2
YH9D6SMB,Male,Paid,16,false,Belgium,BL2
BUCB1SQ3,Male,Paid,18,false,Italy,IT2
K1XNXOY5,Female,Paid,15,false,China,CN3
F50L0EKJ,Female,Paid,11,false,India,IN3
PVS77V82,Male,Casual,6,false,India,IN4
8KM7S63L,Male,Paid,20,false,Italy,IT2
9A8IGYMC,Male,Paid,15,false,Netherlands,NL2
VSSUVO3E,Male,Paid,21,false,Denmark,DM2
WGA8CS1Z,Male,Paid,13,false,United States,US1
03AEYMK6,Male,Casual,5,false,United States,US3
HVKTD497,Female,Casual,5,false,China,CN6
YVLNAR93,Female,Paid,10,false,China,CN6
X8DF50GE,Female,Paid,12,false,Indonesia,IA3
HC466JT1,Male,Casual,6,false,Italy,IT3
MWHQNITC,Female,Paid,16,false,Italy,IT3
WEQYND0H,Male,Paid,19,false,Denmark,DM3
HDAM9C56,Male,Paid,18,false,Italy,IT3
OFAUXKAQ,Male,Paid,13,false,Belgium,BL2
MH3A2XQR,Male,Casual,5,false,Denmark,DM1
HCTWNR9E,Female,Casual,5,false,Belgium,BL2
PCUD1NZB,Male,Paid,16,false,Belgium,BL2
8Y2I0491,Male,Paid,18,false,Netherlands,NL4
YI67R2GS,Female,Casual,8,false,Denmark,DM3
2CL8UH72,Male,Paid,17,false,India,IN1
QJLE5EVY,Female,Paid,15,false,Netherlands,NL1
FKH9V7S0,Female,Paid,11,false,Belgium,BL1
BVHFBLII,Male,Paid,11,false,Belgium,BL1
SXCRBF5W,Male,Casual,7,false,United Kingdom,UK1
JKQDF14U,Female,Paid,12,false,Italy,IT1
HNY9A65D,Male,Paid,20,false,United States,US1
38VUZ1IT,Male,Paid,16,false,Denmark,DM1
RAZCSBE6,Male,Casual,9,false,India,IN1
796B4HXP,Female,Casual,5,false,United States,US4
NCMB691Q,Male,Paid,22,false,China,CN4
ILKGOQVX,Male,Paid,18,false,Indonesia,IA3
6NKGWT1V,Male,Sick,3,false,United States,US2
6RAKANJZ,Male,Injury,17,false,Belgium,BL2
RIYJU1V1,Female,Casual,8,false,Indonesia,IA1
1ESRDOJR,Male,Injury,12,false,Indonesia,IA2
AF5NHWZ0,Male,Paid,22,false,United States,US6
ZXF94P9K,Female,Paid,21,false,United Kingdom,UK4
G3E8A6YW,Female,Casual,12,false,Indonesia,IA3
IK6HJJBD,Female,Casual,9,false,Denmark,DM3
DKGU0XSN,Male,Paid,14,false,Indonesia,IA3
10GTEP11,Female,Paid,22,false,Indonesia,IA2
F0LI8N1J,Male,Sick,1,false,Belgium,BL3
22SFCBWQ,Female,Paid,12,false,Indonesia,IA2
C5POPXIM,Male,Paid,19,false,Denmark,DM3
BCVUV4AH,Female,Paid,12,false,Netherlands,NL2
YUWR87YX,Male,Paid,11,false,Indonesia,IA3
HVMXHKC6,Female,Paid,13,false,Denmark,DM3
C5WJ0WDG,Male,Paid,16,false,Italy,IT3
TZHREJ03,Male,Paid,13,false,Netherlands,NL1
9KAVU0KF,Female,Paid,18,false,Italy,IT3
MWYCBHNV,Male,Sick,5,false,Denmark,DM1
CVUDDU67,Male,Paid,20,false,United Kingdom,UK1
EEP254LA,Male,Paid,13,false,Italy,IT2
MQGL5WIL,Male,Paid,11,false,United Kingdom,UK1
L95KYT1F,Male,Casual,9,false,Belgium,BL2
QM87RTZJ,Male,Paid,20,false,Italy,IT1
Q48G3952,Female,Casual,12,false,Italy,IT2
DVCSJ7NP,Female,Paid,10,false,India,IN4
P4UV2LEV,Female,Paid,22,false,United States,US1
Q1UNYL5T,Male,Casual,11,false,Netherlands,NL2
GGF6VGVN,Female,Paid,13,false,India,IN1
WZVGG6MR,Female,Paid,21,false,United Kingdom,UK5
AYX3FOY3,Male,Paid,18,false,India,IN1
9QPWLWVF,Male,Paid,12,false,United States,US6
49E7P2AO,Female,Paid,19,false,India,IN3
GO31NAAQ,Female,Paid,13,false,Denmark,DM2
TPT7AZLI,Female,Casual,7,false,China,CN2
422COGW3,Male,Paid,22,false,Belgium,BL1
5CE6T4H4,Female,Paid,16,false,Belgium,BL2
ZY2D6SB6,Female,Paid,20,false,India,IN2
VS7I6XB0,Female,Casual,10,false,India,IN1
Q2NCFHTM,Female,Casual,12,false,United States,US6
EWGQIXAA,Female,Injury,10,false,India,IN3
GCH8XQV6,Male,Paid,10,false,Indonesia,IA1
2O8KYTRN,Male,Sick,5,false,United States,US1
GJ4BE2VC,Male,Sick,4,false,India,IN1
ZAYONQBT,Female,Paid,21,false,United States,US5
43FAUAT8,Female,Paid,16,false,Indonesia,IA1
VOISKTX6,Female,Paid,16,false,China,CN6
ANRRCOUG,Male,Paid,19,false,United States,US1
3C4UBIBQ,Male,Paid,10,false,China,CN4
NOYPXXLD,Male,Casual,10,false,Netherlands,NL4
LOYE1Q8N,Female,Paid,13,false,Netherlands,NL1
2OAHH5Q2,Female,Paid,19,false,Belgium,BL3
FYK3DAEN,Female,Paid,17,false,Italy,IT2
NSSITF1R,Male,Paid,19,false,Netherlands,NL3
CUYIG0O8,Female,Paid,20,false,Italy,IT1
N6Y872VB,Female,Paid,19,false,Belgium,BL1
VEK29PSM,Female,Casual,12,false,Netherlands,NL4
4H6EOME7,Male,Paid,13,false,United Kingdom,UK1
4CYAUD7G,Male,Paid,17,false,Belgium,BL2
FBC9PM3G,Male,Paternity,21,false,Indonesia,IA3
EHBKD986,Male,Paid,21,false,Belgium,BL2
RB8SQXKD,Female,Paid,19,false,United Kingdom,UK1
R78N7XUW,Male,Casual,10,false,United Kingdom,UK3
NFX5OQ2Y,Male,Casual,7,false,United States,US3
16OMDQQ2,Male,Paid,20,false,Belgium,BL2
RHKZKANW,Male,Paid,21,false,China,CN1
5KNMEVFK,Female,Casual,8,false,Belgium,BL2
YLFH0PVK,Male,Paid,20,false,United Kingdom,UK5
6578PGDC,Female,Sick,1,false,United Kingdom,UK4
X8ZP7BNC,Female,Paid,14,false,India,IN4
UIXPBZ5V,Male,Casual,6,false,Indonesia,IA1
MELD17WI,Male,Casual,6,false,Denmark,DM2
3TO4E64M,Female,Paid,20,false,China,CN1
EEYR6R0M,Male,Casual,10,false,Indonesia,IA3
25FHVTT8,Female,Paid,11,false,Italy,IT2
PX1IYZSI,Male,Paid,22,false,China,CN6
1IY4W0CU,Male,Casual,8,false,Denmark,DM1
03K9SJWR,Male,Sick,3,false,United Kingdom,UK1
RQHS514L,Female,Casual,5,false,Belgium,BL1
2Z1CK8VM,Male,Paid,22,false,United States,US2
P14G4P4T,Male,Paid,17,false,Netherlands,NL1
I3UPE00W,Female,Casual,8,false,China,CN1
DLAIWWNW,Female,Paid,11,false,China,CN5
3Z99WMPQ,Female,Casual,11,false,Denmark,DM3
I5BEJGP4,Male,Injury,11,false,Denmark,DM1
GDHJK3FT,Female,Paid,12,false,Italy,IT3
CRYOZBAT,Male,Paid,19,false,United States,US2
T35MCJOF,Male,Casual,8,false,Netherlands,NL3
WWRTNF3T,Male,Paid,19,false,Netherlands,NL4
9NSQ7SNN,Female,Paid,17,false,India,IN4
1Z7HVISS,Male,Casual,9,false,China,CN2
NIZ9F5SB,Male,Casual,11,false,Denmark,DM3
925EEEER,Female,Paid,22,false,Netherlands,NL2
YW74GG95,Female,Paid,14,false,Netherlands,NL2
AM9D3PDQ,Male,Sick,1,false,China,CN6
GO8142Y3,Male,Casual,6,false,Italy,IT3
DIBMELPG,Male,Paid,18,false,China,CN1
EYGDTOFU,Female,Casual,8,false,Netherlands,NL3
PYZDQUMH,Female,Paid,16,false,Denmark,DM2
JHUVXAFE,Female,Casual,9,false,Denmark,DM2
RGGA615O,Female,Paid,16,false,India,IN1
PJ1A0FV9,Female,Paid,16,false,Italy,IT2
ODT76802,Female,Casual,11,false,Italy,IT2
FDF9JLC1,Male,Paid,19,false,Netherlands,NL1
AN6NVSM0,Male,Paid,16,false,Netherlands,NL3
4FBSM1WR,Male,Paid,17,false,United States,US4
67N07YK2,Female,Paid,10,false,United States,US5
7MJNNZIR,Male,Paid,21,false,India,IN3
5Q6GAA6L,Female,Paid,20,false,China,CN5
GXXHJK3D,Male,Paid,21,false,China,CN2
7A8WUN2N,Female,Casual,8,false,Denmark,DM1
5FWFHIGQ,Male,Paid,19,false,Netherlands,NL4
2YQ8JFZ8,Female,Casual,10,false,China,CN5
Y827FMIO,Male,Paid,10,false,Italy,IT2
3NMHII36,Male,Paid,18,false,United States,US1
8C5NELJ8,Male,Paid,15,false,Denmark,DM2
STHJ370J,Female,Casual,6,false,United States,US2
OSZA6QYK,Female,Sick,4,false,India,IN2
5KGT91IN,Female,Paid,22,false,India,IN4
QTXGOZN1,Male,Casual,10,false,United States,US5
00BPNJXW,Female,Paid,19,false,China,CN2
VI1QHS0N,Male,Paid,20,false,Denmark,DM1
JX6WOVZH,Male,Casual,10,false,China,CN1
RTV34GIM,Male,Casual,10,false,Netherlands,NL2
V0PRCR7M,Female,Injury,10,false,United Kingdom,UK3
9B85DL17,Female,Paid,14,false,Netherlands,NL2
9UY63YZH,Female,Casual,6,false,Belgium,BL2
UTCVP2XG,Female,Paid,16,false,Netherlands,NL1
PAI4M6MU,Female,Injury,13,false,China,CN1
F31KLPPR,Female,Paid,16,false,United Kingdom,UK4
W1TL61DB,Female,Paid,16,false,Belgium,BL1
ODLJBSJ2,Male,Paid,18,false,United Kingdom,UK5
5GBI9D9S,Male,Casual,8,false,United Kingdom,UK3
U10T6LR7,Male,Paid,10,false,United Kingdom,UK1
DIV5XVS0,Male,Paid,14,false,Italy,IT2
WSCCKIKS,Male,Paid,19,false,United Kingdom,UK4
CFUDRNBB,Female,Casual,7,false,Denmark,DM3
J2EXPPZ3,Male,Paid,20,false,Italy,IT3
FLFLAOHK,Female,Paid,11,false,Indonesia,IA1
TPBSLAJ0,Male,Paid,16,false,Denmark,DM2
YASDW4US,Male,Paid,19,false,Denmark,DM1
V1I3MF2L,Male,Paid,17,false,India,IN1
TFC9SDQZ,Male,Paid,10,false,Belgium,BL3
EYZEK8MW,Female,Maternity,155,false,Netherlands,NL3
P1UR0BCD,Female,Sick,4,false,Netherlands,NL4
NKIDZLAN,Female,Casual,12,false,Italy,IT3
BH4BCIPH,Female,Sick,3,false,Italy,IT1
EKCFXM6U,Female,Paid,22,false,Denmark,DM1
5UZU2GJ2,Female,Injury,12,false,Belgium,BL1
2LOC57QT,Female,Paid,10,false,Italy,IT3
2F309HL8,Male,Casual,9,false,Indonesia,IA1
X29UB0D0,Male,Casual,9,false,Italy,IT3
9LT0RHH5,Female,Paid,12,false,Indonesia,IA3
369TN5QI,Male,Casual,10,false,United States,US6
ZZSKBN9N,Male,Paid,19,false,Italy,IT2
BOXKFF9B,Male,Casual,6,false,China,CN1
LZG1Q8TX,Male,Paid,18,false,United Kingdom,UK4
S1VWNE5L,Female,Paid,21,false,India,IN4
NSRAP46C,Third gender,Paid,19,false,China,CN5
XSOYH8HA,Female,Casual,8,false,Belgium,BL3
707WHORZ,Female,Casual,11,false,United Kingdom,UK2
O2XN5MB1,Male,Paid,17,false,Belgium,BL1
CHR9XT8R,Female,Paid,18,false,United Kingdom,UK1
RVYCJ1W7,Male,Casual,7,false,Denmark,DM2
I1TV9CUO,Male,Paid,17,false,China,CN4
0TO9MQ05,Male,Injury,12,false,United States,US2
T4XJ5HJY,Male,Casual,5,false,Netherlands,NL4
XK24B6Z1,Male,Sick,2,false,Italy,IT1
FC9GQBE1,Female,Casual,11,false,Netherlands,NL3
XW5JIDKV,Male,Paid,18,false,Indonesia,IA3
8Q3PX307,Male,Paid,20,false,Italy,IT3
GIJ8UT96,Male,Paid,21,false,Netherlands,NL4
CMOH8PN5,Male,Paid,13,false,United Kingdom,UK2
AEGCHWQ4,Female,Paid,17,false,Italy,IT2
HHBMQSGW,Female,Paid,17,false,Italy,IT3
NC2KIV3F,Female,Injury,15,false,India,IN2
7YM47W1U,Male,Casual,9,false,Belgium,BL1
KOVYDMSA,Female,Casual,9,false,Netherlands,NL3
VV9WO1GL,Male,Injury,19,false,Belgium,BL1
UG9ZLD0J,Male,Casual,5,false,Denmark,DM3
C4OXHOWO,Male,Casual,5,false,Netherlands,NL2
V8JZ101D,Male,Paid,10,false,Italy,IT3
M7UWYFMM,Female,Paid,12,false,Denmark,DM1
ADFZWKQR,Male,Paid,15,false,China,CN2
786J16KT,Male,Casual,10,false,United Kingdom,UK5
